5-letter,6-letter,7-letter,8-letter
about,search,contact,business
other,online,service,services
which,people,product,products
their,health,support,software
there,should,message,research
first,system,through,comments
would,policy,privacy,national
these,number,company,internet
click,please,general,shipping
price,rights,january,reserved
state,public,reviews,security
email,school,program,american
world,review,details,computer
music,united,because,download
after,center,results,pictures
video,travel,address,personal
where,report,subject,location
books,member,between,children
links,before,special,students
years,hotels,website,shopping
order,office,project,previous
items,design,version,property
group,posted,section,customer
under,within,related,december
games,states,members,training
could,family,network,advanced
great,prices,systems,category
hotel,sports,without,register
store,county,current,november
terms,access,control,features
right,change,history,industry
local,rating,account,provided
those,during,digital,required
using,return,profile,articles
phone,events,another,feedback
forum,little,quality,complete
based,movies,listing,standard
black,source,content,programs
check,author,country,language
index,around,private,password
being,course,compare,question
women,canada,include,building
today,credit,college,february
south,estate,article,analysis
pages,select,provide,possible
found,photos,process,problems
house,thread,science,interest
photo,market,english,learning
power,really,windows,delivery
while,action,gallery,original
three,series,however,includes
total,second,october,messages
place,forums,library,provides
think,better,medical,specific
north,friend,looking,director
posts,server,comment,planning
media,issues,working,database
water,street,against,official
since,things,payment,district
guide,person,student,calendar
board,mobile,problem,resource
white,offers,options,document
small,recent,america,material
times,stores,example,together
sites,memory,changes,function
level,social,release,economic
hours,august,request,projects
image,create,picture,included
title,single,meeting,received
shall,latest,similar,archives
class,status,schools,magazine
still,browse,million,policies
money,seller,popular,position
every,always,stories,listings
visit,result,journal,wireless
tools,groups,reports,purchase
reply,making,welcome,response
value,future,central,practice
press,london,council,hardware
learn,become,archive,designed
print,garden,society,discount
stock,listed,friends,remember
point,energy,edition,increase
sales,images,further,european
large,notice,updated,activity
table,others,already,although
start,format,studies,contents
model,months,several,regional
human,safety,display,supplies
movie,having,limited,exchange
march,common,powered,continue
yahoo,living,natural,benefits
going,called,whether,anything
study,period,weather,mortgage
staff,window,average,solution
again,france,records,addition
april,region,present,clothing
never,island,written,homepage
users,record,federal,military
topic,direct,hosting,decision
below,update,tickets,division
party,either,finance,actually
login,centre,minutes,saturday
legal,europe,reading,starting
above,topics,usually,thursday
quote,videos,percent,consumer
story,global,getting,contract
rates,player,germany,releases
young,lyrics,various,virginia
field,submit,receive,multiple
paper,amount,methods,featured
girls,though,chapter,friendly
night,thanks,manager,schedule
texas,weight,michael,everyone
poker,choose,florida,approach
issue,points,license,physical
range,camera,holiday,medicine
court,domain,writing,evidence
audio,beauty,effects,favorite
light,models,created,recently
write,simple,kingdom,probably
offer,friday,thought,networks
given,annual,storage,transfer
files,google,summary,carolina
event,church,western,hospital
china,method,overall,overview
needs,active,package,distance
might,figure,players,involved
month,enough,started,partners
major,higher,someone,existing
areas,yellow,printer,selected
space,french,believe,patients
cards,nature,nothing,directly
child,orders,certain,searches
enter,africa,running,strategy
share,growth,jewelry,teaching
added,agency,islands,canadian
radio,monday,british,positive
until,income,sellers,football
color,engine,tuesday,abstract
track,double,lesbian,contains
least,screen,machine,republic
trade,across,returns,vacation
david,needed,capital,academic
green,season,england,graphics
close,effect,culture,expected
drive,sunday,courses,mountain
short,casino,airport,consider
means,volume,foreign,northern
daily,anyone,outside,proposed
beach,silver,channel,reported
costs,inside,located,politics
style,mature,primary,modified
front,rather,numbers,released
parts,supply,browser,internal
early,robert,purpose,detailed
miles,skills,feature,japanese
sound,advice,cameras,approved
works,career,ratings,southern
rules,rental,chicago,yourself
final,middle,sources,pressure
adult,taking,regular,keywords
thing,values,station,purposes
cheap,coming,rentals,external
third,object,improve,teachers
gifts,length,parents,subjects
cover,client,kitchen,capacity
often,follow,wedding,requires
watch,sample,disease,electric
deals,george,perfect,creative
words,choice,classic,progress
linux,artist,command,families
james,levels,william,accepted
heart,letter,express,agencies
error,phones,success,michigan
clear,summer,maximum,columbia
makes,degree,warning,critical
india,button,forward,employee
taken,matter,flowers,packages
known,custom,animals,colorado
cases,almost,housing,relevant
quick,editor,catalog,illinois
whole,female,traffic,elements
later,thomas,ireland,facility
basic,cancer,testing,minister
shows,reason,instead,visitors
along,spring,leading,coverage
among,answer,fitness,clinical
death,police,chinese,sciences
speed,wanted,opinion,currency
brand,unique,greater,commerce
stuff,survey,develop,accounts
japan,animal,artists,settings
doing,mexico,session,cultural
loans,secure,century,holidays
shoes,simply,pacific,graduate
entry,paypal,mailing,thinking
notes,option,vehicle,provider
force,master,default,optional
river,valley,require,sections
album,larger,outdoor,websites
views,impact,morning,religion
plans,strong,protein,measures
build,ground,partner,chemical
types,owners,authors,exercise
lines,cities,faculty,meetings
apply,ensure,parties,congress
asked,budget,mission,username
cross,guides,richard,produced
weeks,amazon,ability,argument
lower,retail,battery,creating
union,useful,defined,attorney
names,trying,playing,auctions
leave,mother,virtual,informed
teens,joined,answers,thoughts
woman,modern,offered,quantity
cable,senior,surface,platform
score,charge,minimum,machines
shown,normal,variety,recovery
flash,entire,finally,merchant
ideas,output,updates,vehicles
allow,likely,desktop,campaign
homes,indian,classes,examples
super,dating,officer,motorola
asian,filter,respect,intended
cause,longer,unknown,election
focus,behind,teacher,requests
rooms,german,workers,separate
voice,buying,georgia,identify
comes,allows,showing,domestic
brown,boards,benefit,extended
forms,string,funding,sequence
glass,unless,devices,williams
happy,target,fiction,movement
smith,except,watches,printing
thank,moving,careers,baseball
prior,brands,complex,approval
sport,places,spanish,contacts
ready,pretty,setting,matching
round,winter,economy,offering
built,boston,highest,variable
blood,medium,helpful,compared
earth,itself,monthly,workshop
nokia,papers,musical,lighting
italy,awards,angeles,portable
basis,studio,changed,returned
award,reader,russian,warranty
peter,device,largest,assembly
extra,remote,african,criminal
rated,theory,justice,powerful
quite,remove,connect,obtained
horse,visual,applied,supplied
stars,martin,advance,opinions
lists,manual,auction,maintain
owner,agents,allowed,priority
takes,repair,correct,payments
bring,sector,charles,straight
input,jersey,selling,prepared
agent,father,species,criteria
valid,quotes,pricing,behavior
grand,driver,fashion,changing
trial,campus,monitor,festival
units,beyond,trading,whatever
wrote,museum,clients,maryland
ships,former,actions,eligible
metal,parent,discuss,checkout
funds,bottom,markets,handling
guest,detail,leather,scotland
seems,switch,patient,followed
trust,titles,perhaps,protocol
multi,basket,persons,designer
grade,weekly,village,marriage
panel,demand,amateur,negative
floor,square,factors,missouri
match,nation,zealand,ministry
plant,module,balance,proposal
sense,resort,replies,birthday
stage,random,initial,slightly
goods,motion,fishing,lingerie
maybe,forest,fantasy,profiles
spain,couple,letters,controls
youth,giving,context,breaking
break,chance,install,combined
dance,vision,apparel,ultimate
apple,ending,johnson,reviewed
enjoy,listen,quickly,forecast
block,accept,dollars,accuracy
civil,lowest,driving,pharmacy
steel,highly,surgery,creation
songs,appear,brought,chairman
fixed,actual,himself,violence
wrong,coffee,diamond,oklahoma
hands,easily,servers,speakers
paris,poster,seconds,cleaning
fully,closed,arizona,concerns
worth,league,keyword,officers
peace,minute,italian,referred
coast,effort,freedom,supports
grant,fields,premium,presence
agree,breast,upgrade,majority
blogs,kansas,growing,strength
scale,doctor,hearing,daughter
stand,reduce,eastern,standing
frame,enable,therapy,ordering
chief,leader,entries,bookmark
gives,israel,serious,specials
heard,flight,samsung,improved
begin,pocket,efforts,exposure
royal,factor,nursing,gambling
clean,stream,defense,outdoors
bible,signed,covered,printers
suite,errors,protect,kentucky
vegas,worked,prevent,interior
chris,sorted,finding,relative
piece,myself,affairs,identity
sheet,expert,towards,victoria
seven,became,suggest,revision
older,orange,charges,instance
cells,marine,reasons,licensed
looks,guitar,talking,recorded
calls,saying,element,finished
whose,spirit,quarter,discover
naked,claims,missing,patterns
lives,branch,sitemap,stations
stone,manage,houston,greatest
tests,corner,centers,operator
buyer,oregon,opening,tracking
steve,tables,reserve,accurate
label,define,recipes,managing
scott,racing,plastic,happened
canon,column,produce,lesbians
waste,plants,counter,managers
chair,avenue,failure,aircraft
phase,mental,follows,conflict
motor,viewed,weekend,versions
shirt,moment,ontario,employer
crime,attack,readers,describe
count,damage,jackson,citizens
claim,placed,leaders,heritage
patch,dollar,posters,audience
santa,bridge,parking,assigned
alone,native,seattle,directed
jones,played,brother,sporting
saint,shirts,pattern,affected
drugs,profit,theatre,expenses
joint,expect,earlier,indicate
fresh,russia,sponsor,anderson
dates,golden,indiana,diseases
upper,senate,objects,thailand
prime,forces,evening,advisory
limit,turned,nuclear,template
began,delete,promote,anywhere
louis,signal,appears,atlantic
steps,issued,decided,investor
shops,sexual,designs,wildlife
creek,flower,tourism,speaking
urban,passed,savings,sponsors
tours,stated,graphic,checking
labor,hawaii,binding,guidance
admin,covers,winning,observed
heavy,adults,atlanta,glossary
solid,script,credits,channels
theme,served,clearly,ericsson
touch,dining,enlarge,appendix
goals,dakota,revenue,supplier
serve,handle,measure,arkansas
magic,pubmed,flights,notebook
mount,looked,experts,explorer
smart,logged,vintage,historic
latin,laptop,exactly,attached
avoid,nearly,explore,disabled
birth,forgot,concept,upcoming
virus,origin,reality,constant
abuse,gaming,billion,portland
facts,faster,nations,concepts
faith,dallas,speaker,relating
chain,bought,offices,alliance
moved,broken,managed,engineer
reach,alaska,toronto,becoming
sorry,battle,theater,relation
gamma,equity,springs,colleges
truth,speech,perform,brothers
films,shared,healthy,presents
owned,sounds,drivers,estimate
draft,forced,figures,bulletin
chart,height,married,epinions
jesus,obtain,sharing,painting
clubs,remain,waiting,universe
equal,failed,banking,watching
codes,secret,conduct,sterling
kinds,austin,calling,sessions
teams,andrew,serving,journals
funny,assets,matters,jennifer
tried,injury,reduced,terminal
named,joseph,physics,nebraska
laser,lawyer,extreme,properly
harry,portal,samples,hundreds
taxes,gratis,removed,tomorrow
mouse,toward,singles,visiting
brain,assist,amounts,downtown
dream,comics,contain,keyboard
FALSE,houses,crystal,suitable
falls,postal,academy,millions
stats,finish,dynamic,findings
carry,daniel,regions,clicking
hello,brazil,meaning,province
clips,static,posting,catholic
brief,hunter,instant,governor
ended,famous,viewing,swimming
eight,writer,aspects,pakistan
wants,gender,austria,reliable
alert,colour,utility,symptoms
queen,vendor,preview,memorial
sweet,junior,despite,fighting
diego,ladies,degrees,pregnant
truck,ticket,seeking,cellular
votes,agreed,phoenix,normally
ocean,soccer,comfort,diabetes
signs,import,smoking,flexible
depth,christ,becomes,numerous
train,scheme,alabama,superior
feeds,manner,achieve,spending
route,matrix,carried,magnetic
frank,turkey,clothes,registry
anime,proper,circuit,employed
speak,inches,printed,displays
query,shares,removal,allowing
rural,colors,factory,earnings
judge,appeal,revised,delaware
bytes,cruise,optical,counties
fight,disney,amazing,occurred
filed,drives,feeling,concrete
korea,dealer,bedroom,accident
banks,nearby,orlando,resident
kelly,happen,lawyers,possibly
leads,miller,advisor,flashing
brian,caused,remains,malaysia
miami,luxury,generic,antiques
wales,frames,transit,parallel
minor,indeed,compact,bathroom
noted,easier,keeping,drinking
spent,adding,attempt,reaction
davis,mostly,matches,enhanced
helps,taylor,engines,entitled
cycle,prints,stephen,generate
sleep,suites,climate,monitors
scene,hidden,alcohol,duration
drink,serial,walking,pursuant
intel,relief,explain,contrast
rings,planet,smaller,adoption
henry,copies,modules,measured
guess,recipe,concern,marshall
ahead,permit,holding,thousand
devel,seeing,trouble,hamilton
delta,tennis,dealers,tutorial
cisco,bureau,helping,portugal
alpha,pieces,totally,lawrence
bonus,dinner,organic,valuable
adobe,sydney,leaving,airlines
trees,stress,cooking,aviation
dress,trends,respond,disaster
refer,fourth,entered,commands
babes,wilson,belgium,achieved
layer,charts,highway,injuries
spend,census,booking,nintendo
clock,poetry,portion,appeared
ratio,lights,biology,franklin
proof,forget,ancient,exciting
empty,sister,leisure,ringtone
maine,newest,learned,pleasure
ideal,extent,husband,oriented
specs,export,britain,desktops
parks,sweden,concert,columbus
cream,backup,adopted,producer
boxes,spread,carrier,semester
hills,expand,reflect,strongly
aware,jordan,deliver,proteins
shape,affect,lessons,familiar
irish,virgin,treated,carrying
firms,raised,confirm,editions
usage,blonde,neither,vertical
mixed,albums,offline,absolute
exist,cheats,replace,consists
wheel,guests,reached,soldiers
angel,hosted,enabled,guardian
width,nevada,montana,classics
noise,agenda,enhance,bringing
array,anyway,adapter,evaluate
greek,tracks,laptops,tropical
sharp,prince,editors,pipeline
occur,circle,threads,everyday
knows,grants,supreme,ethernet
coach,edward,weapons,handbook
kevin,launch,episode,navigate
plate,symbol,planned,somewhat
logic,crafts,antonio,receiver
sizes,fiscal,charged,scottish
plain,styles,gourmet,richmond
costa,denver,orleans,covering
trail,filled,prepare,platinum
buddy,notify,illegal,judgment
setup,cables,lincoln,bedrooms
blues,cotton,premier,modeling
scope,dental,consent,spectrum
crazy,killed,contest,emphasis
bears,border,chamber,princess
mouth,debate,typical,entering
meter,starts,chicken,thompson
fruit,causes,sending,memories
mysql,opened,tonight,adequate
lewis,scores,spyware,cartoons
sugar,comedy,formula,entirely
stick,weblog,periods,replaced
allen,linear,attacks,reducing
genre,edited,resorts,shooting
slide,jewish,biggest,launched
exact,linked,visitor,suggests
bound,wonder,gateway,operated
storm,begins,drawing,overseas
micro,reform,ordered,surprise
dolls,alerts,happens,shoppers
paint,assume,romance,supposed
delay,howard,focused,ordinary
pilot,leaves,bargain,applying
czech,checks,vermont,reporter
novel,safari,hunting,champion
ultra,tested,cutting,sentence
idaho,formal,writers,outcomes
plays,hockey,mapping,survival
truly,showed,indexed,jonathan
lodge,cancel,cartoon,whenever
broad,limits,granted,lifetime
swiss,outlet,choices,athletic
sarah,winner,outlook,campbell
clark,potter,massive,traveler
foods,modify,denmark,aluminum
guard,oxford,poverty,wishlist
newly,patent,patrick,trailers
raise,eating,mystery,syndrome
drama,mirror,journey,expanded
bands,kernel,bidding,bulgaria
lunch,stocks,charter,believed
audit,buyers,barbara,spanking
polls,taiwan,blogger,catering
tower,chosen,reverse,incident
yours,greece,deposit,dynamics
jason,labour,seminar,decrease
shell,nights,specify,revenues
solar,behalf,formats,emerging
catch,liquid,depends,churches
doubt,salary,editing,reserves
tasks,saving,notices,minority
const,empire,detroit,recorder
doors,resume,toshiba,seminars
forth,twenty,airline,paradise
bruce,avatar,surveys,compiled
split,helped,sitting,romantic
twice,decide,putting,revealed
egypt,guinea,vietnam,margaret
shift,muscle,trailer,portions
simon,attend,gardens,equation
marks,shower,antique,reviewer
loved,holdem,willing,involves
birds,seemed,density,earrings
saved,finder,hundred,chapters
shots,unable,strange,literary
moore,insert,mention,choosing
treat,alumni,amended,boundary
piano,themes,operate,believes
risks,powers,doctors,deadline
ports,heaven,domains,equipped
teach,norway,siemens,broadway
rapid,asking,capture,acquired
hairy,blocks,buffalo,entrance
dutch,bodies,camping,attempts
boots,paying,welfare,answered
holds,carbon,medline,disorder
pulse,crisis,massage,firewall
metro,bright,closing,animated
strip,header,monster,judicial
pearl,formed,columns,bachelor
heads,sheets,cookies,attitude
logos,puerto,cruises,montreal
honda,plasma,forever,genetics
bills,banner,captain,attended
opera,dreams,imagine,mitchell
asset,stands,heating,embedded
blank,latina,scripts,brochure
humor,wheels,dealing,petition
lived,router,liberal,shoulder
tight,poland,livecam,diameter
meant,folder,matthew,literacy
plane,womens,hobbies,moderate
meets,upload,console,opposite
tampa,voting,shipped,dealtime
grace,courts,voltage,mercedes
susan,regard,anthony,tramadol
adams,exists,loading,receives
villa,smooth,ongoing,veterans
inner,strike,imaging,occasion
roman,narrow,betting,sleeping
taste,threat,liberty,moreover
trips,castle,wyoming,michelle
sides,missed,convert,dialogue
turns,labels,analyst,declared
cache,acting,finland,handheld
lease,stored,derived,disposal
proud,stable,postage,florists
giant,lesson,applies,switches
seats,cinema,casinos,blogging
alarm,severe,filters,midnight
usual,deluxe,capable,commonly
angle,fabric,douglas,pleasant
vinyl,visits,elected,announce
worst,flying,victory,sampling
honor,berlin,madison,inspired
eagle,pounds,citizen,weddings
pants,desire,anytime,suddenly
nurse,caught,lecture,netscape
quiet,marked,genetic,township
comic,driven,promise,rankings
crown,bottle,cabinet,robinson
maker,rubber,tiffany,remained
crack,legend,collect,entities
picks,python,streets,roulette
smoke,entity,turning,medicare
craft,holder,inquiry,explains
apart,duties,checked,feelings
blind,ethics,exhibit,freeware
coins,dragon,visible,donation
gross,brings,mercury,targeted
epson,stereo,victims,realized
actor,commit,burning,gamecube
finds,jacket,coupons,climbing
fifth,oracle,russell,somebody
prize,excess,obvious,colombia
dirty,stamps,passing,archived
wayne,mining,awarded,courtesy
alive,garage,clinton,detected
prove,thongs,masters,bracelet
wings,morgan,alberta,juvenile
ridge,prayer,commons,acoustic
modem,cheese,arrival,cassette
larry,fetish,pottery,steering
skill,apache,awesome,cemetery
moves,fellow,mexican,contests
throw,lounge,desired,berkeley
trend,hilton,assumes,adjusted
rhode,horror,heights,seasonal
worse,debian,firefox,counters
boats,mainly,expense,cultures
tells,ethnic,venture,coaching
fiber,occurs,healing,examined
graph,layout,studios,encoding
talks,horses,buttons,cosmetic
bonds,donate,winners,resulted
fraud,taught,rolling,portrait
roger,worker,arrived,carriers
crash,temple,creates,mobility
inter,breaks,tourist,builders
grove,waters,senator,struggle
spray,prefer,lodging,crossing
roads,harris,stopped,resolved
faces,toyota,closely,branches
mayor,vector,visited,holdings
yield,shaved,targets,zimbabwe
hence,buffer,counsel,browsing
radar,purple,invited,bargains
lakes,mutual,farmers,frequent
diary,syntax,queries,ensuring
kings,prison,ukraine,hispanic
flags,chairs,absence,diamonds
baker,sierra,nearest,untitled
shock,desert,cluster,marriott
walls,oldest,vendors,starring
ebony,steven,whereas,referral
drawn,summit,partial,distinct
beast,spaces,couples,verified
dodge,escape,ranking,formerly
pizza,cialis,simpson,situated
yards,glance,sublime,strictly
woods,arcade,trusted,retailer
jokes,filing,receipt,vitamins
twiki,foster,knowing,brooklyn
globe,trials,uniform,phillips
dicke,tissue,dancing,interval
kerry,aspect,publish,expansys
ghost,counts,pioneer,repeated
pride,priced,acrobat,filename
keith,closer,thermal,florence
linda,shadow,telling,analyses
chile,riding,coastal,drawings
maria,clinic,charity,scenario
brass,korean,hungary,junction
plaza,packet,segment,weekends
quest,funded,realize,produces
trans,extend,insight,kingston
booty,dublin,secrets,adapters
acres,nelson,philips,adjacent
venue,murder,penalty,reaching
vital,grades,glasses,receptor
excel,digest,enables,surgical
modes,rescue,builder,citation
enemy,losses,jessica,premises
wells,combat,stewart,imperial
opens,abroad,outcome,benjamin
lucky,arthur,centres,studying
thick,walker,charger,upgrades
iraqi,gordon,cooling,offshore
vista,serves,divorce,harrison
chips,palace,shopper,emission
terry,verify,exposed,apparent
flood,copper,telecom,outreach
arena,nobody,founded,mounting
grown,cloudy,chronic,balanced
jerry,plenty,trained,explicit
smile,throat,tobacco,precious
lands,ignore,roberts,annually
armed,wealth,pension,scanners
laura,vacuum,worship,delivers
tokyo,writes,herself,necklace
nikon,plates,damages,arranged
candy,essays,diverse,theaters
pills,fairly,passion,advocacy
tiger,config,defence,threaded
folks,stupid,patches,footwear
boost,harbor,divided,licenses
icons,puzzle,insider,removing
moral,rising,pleased,isolated
keeps,latter,vitamin,assisted
pound,repeat,genuine,compound
roses,pupils,raising,abortion
bread,casual,billing,wellness
tough,polish,combine,membrane
gonna,lovely,examine,previews
chest,extras,bristol,exterior
billy,clause,sectors,greeting
craig,troops,grounds,botswana
solve,indoor,regards,velocity
nancy,broker,baskets,composed
tones,trucks,studied,baseline
sight,partly,profits,honolulu
towns,donald,florist,electron
worry,sensor,deutsch,passport
reads,angels,funeral,treasury
roles,deputy,enjoyed,occupied
glory,sealed,charlie,observer
saudi,loaded,francis,sunshine
fault,scenes,noticed,ceremony
karen,finger,signals,arrested
jimmy,locate,symbols,homework
rugby,wooden,packard,assessed
fluid,motors,holders,enabling
barry,shorts,swedish,stronger
devil,johnny,witness,advances
grass,facing,collins,darkness
marie,refund,gadgets,stanford
kenya,trembl,glasgow,rejected
sized,emails,impacts,gamespot
manga,cyprus,induced,railroad
theft,makers,linking,lectures
swing,hearts,appeals,cheapest
dated,carter,illness,travesti
shoot,legacy,islamic,salvador
elite,danger,pending,tanzania
poems,widely,lebanon,preserve
robot,phrase,kennedy,unsigned
winds,hybrid,teenage,theories
gnome,bigger,vincent,executed
roots,diesel,secured,showcase
noble,versus,unusual,integral
shore,exceed,routine,synopsis
loves,babies,toolbar,composer
loose,albert,wearing,accessed
slots,graham,mounted,imported
rocks,compaq,habitat,contrary
genes,slowly,scanner,focusing
hosts,infant,integer,admitted
atlas,samuel,engaged,equality
feels,unlike,falling,stickers
ralph,wright,dropped,concerts
corps,proven,besides,cambodia
liver,cached,moments,updating
decor,warren,strings,readings
texts,comply,torture,confused
evans,cherry,deleted,compiler
fails,webcam,antenna,airports
aging,nutten,assumed,brunette
alice,quebec,killing,gathered
intro,dennis,memphis,slovenia
clerk,socket,harvard,notified
mills,silent,brokers,dramatic
jeans,humans,podcast,surfaces
fonts,analog,seasons,terrible
favor,facial,latinas,reflects
sigma,talent,suppose,taxation
xhtml,seeker,involve,treasure
aside,wisdom,younger,assuming
essay,offset,rapidly,monetary
camps,payday,outline,floating
aaron,philip,holland,plymouth
trace,stages,demands,warnings
packs,powder,careful,stunning
spoke,assess,tracked,actively
arrow,stones,minimal,cookbook
rough,losing,lottery,uploaded
weird,gospel,licence,collapse
holes,knight,romania,americas
blade,earned,consult,unlikely
meals,parker,greatly,beverage
robin,triple,cycling,forestry
strap,cooper,turkish,barriers
crowd,titans,pentium,infected
cloud,sought,quantum,particle
valve,median,largely,minerals
knife,herein,pointer,humidity
shelf,basics,stretch,operates
liked,carpet,permits,brisbane
adopt,struct,cleaner,manitoba
fotos,lenses,cricket,missions
outer,binary,feeding,costumes
tales,walter,olympic,nickname
islam,warner,customs,staffing
nodes,inkjet,rainbow,playlist
seeds,wizard,decline,statutes
cited,actors,israeli,enrolled
skype,liable,hewlett,publicly
tired,morris,proceed,reseller
steam,eminem,jamaica,suffered
acute,recall,britney,informal
stood,picked,katrina,swingers
carol,belief,founder,mistakes
stack,bikini,dispute,defining
curve,lookup,adverse,counting
amber,ottawa,excerpt,medieval
trunk,refine,perfume,captured
waves,bidder,restore,innocent
camel,singer,creator,scanning
lamps,herald,museums,cordless
juice,plugin,tracker,patricia
chase,diving,passage,disagree
sauce,invite,jelsoft,episodes
beads,terror,headset,circular
flows,thirty,oakland,mainland
fewer,refers,suicide,interact
proxy,victim,logical,auckland
lanka,arrive,extract,olympics
voted,sunset,payable,trinidad
bikes,framed,retired,geometry
gates,inform,remarks,slovakia
slave,murray,decades,gorgeous
lycos,intent,arising,barbados
zdnet,oxygen,railway,chrysler
combo,cookie,pointed,mcdonald
haven,canyon,causing,plumbing
charm,meters,mistake,brussels
basin,merely,mineral,shanghai
ranch,passes,fortune,davidson
drunk,durham,claimed,organize
toner,muslim,screens,triangle
latex,sleeve,planner,oriental
delhi,stroke,croatia,hydrogen
alien,sharon,stadium,webshots
broke,gloves,edwards,advocate
nepal,skiing,costume,artistic
nylon,flickr,norfolk,detector
discs,timing,painted,colonial
rocky,denied,artwork,proceeds
fleet,deaths,ethical,indirect
bunch,rivers,schemes,browsers
cents,thumbs,neutral,overcome
omega,twelve,bedding,brighton
civic,decade,joining,reminder
saver,titten,heading,searched
grill,drinks,equally,insights
grain,voices,bearing,sullivan
wanna,honest,seniors,exhibits
seeks,albany,violent,bacteria
gains,coding,cottage,moisture
spots,hiking,mozilla,symantec
salon,pierre,anymore,launches
turbo,arabia,locator,latitude
thats,panama,resolve,deposits
aimed,athens,melissa,mistress
reset,judges,nigeria,trustees
brush,walked,ceiling,reprints
spare,nissan,anybody,midlands
kodak,afraid,singing,analysts
skirt,norton,optimal,nicholas
honey,locked,sucking,invasion
gauge,fusion,reuters,spelling
faced,canvas,manuals,medicaid
sixth,parish,watched,infrared
farms,coupon,thereof,quarters
cheat,nurses,ranging,naturals
sandy,tagged,repairs,fixtures
macro,killer,hanging,bloggers
laugh,bishop,colored,flooring
pitch,pulled,routing,ethiopia
autos,shaped,stanley,athletes
perry,farmer,elegant,humanity
dozen,heroes,renewal,scholars
teeth,floral,opposed,snapshot
cloth,fisher,scoring,segments
stamp,spears,sisters,dominant
lotus,worlds,critics,minimize
cargo,guilty,madonna,fraction
salem,tablet,soldier,adelaide
likes,crimes,mirrors,emirates
tapes,moscow,assault,promised
zones,thesis,bowling,bookings
races,pixels,solving,fabulous
maple,totals,deviant,maritime
depot,afford,imports,periodic
blend,turner,suspect,overhead
julie,spoken,crucial,prospect
janet,stayed,tuition,shipment
phpbb,redeem,threats,breeding
probe,rogers,puzzles,envelope
helen,regime,damaged,homeland
lopez,wishes,destroy,excluded
debug,depend,olympus,emotions
chuck,differ,starter,incoming
ebook,monica,luggage,cleaners
bingo,breath,stylish,cashiers
minds,candle,grocery,rotation
xanax,herbal,kenneth,premiere
sunny,loving,jackets,villages
leeds,deemed,excited,symphony
cedar,hacker,recover,rational
blair,madrid,delayed,fighters
hopes,margin,exclude,chambers
mason,solely,anxiety,fountain
burns,norman,spatial,regarded
pumps,headed,ceramic,egyptian
mario,voters,fingers,outlined
utils,murphy,raleigh,headline
pairs,thinks,qualify,treating
chose,justin,diagram,enormous
blast,tricks,beijing,honduras
tommy,panels,peoples,cabinets
brake,tongue,advised,hartford
congo,danish,calgary,wrapping
olive,monkey,interim,timeline
cyber,invest,approve,infinite
clone,lovers,calcium,civilian
relay,atomic,newport,realtors
tears,approx,indians,wherever
oasis,arabic,harvest,democrat
angry,rachel,locally,retained
lover,chains,mothers,logitech
rolls,engage,iceland,briefing
malta,quoted,candles,highland
daddy,bronze,sailing,hawaiian
ferry,sender,morocco,consoles
omaha,spouse,refused,cylinder
loads,exotic,ecology,surround
motel,viewer,verizon,finances
rally,signup,silicon,enjoying
dying,proved,compete,italiano
stuck,salmon,beatles,carnival
stops,butter,thomson,promises
vocal,pepper,seating,combines
organ,weapon,exports,bradford
lemon,burden,heather,reynolds
toxic,finest,warrant,speeches
bench,realty,solaris,catalogs
rider,autumn,royalty,savannah
butts,toilet,somehow,pointing
bobby,ranked,laundry,metadata
sheep,routes,solomon,circuits
wines,packed,placing,handbags
salad,timely,filling,somerset
paste,talked,imposed,incurred
katie,villas,silence,roommate
relax,peeing,focuses,failures
sword,brooks,trainer,theology
sells,newton,volumes,edmonton
coral,whilst,bizrate,retrieve
pixel,prompt,implied,worldcat
float,ebooks,packing,titanium
colin,victor,statute,deutsche
paths,attach,satisfy,postings
acids,spider,shelter,cornwall
dairy,ranges,bahamas,basement
admit,trails,mixture,sandwich
fancy,hudson,logging,hearings
samoa,divine,hampton,textbook
squad,dialog,borders,frontier
wages,venues,nursery,stopping
males,shield,staying,refugees
chaos,prague,estonia,peaceful
wheat,pickup,veteran,doctrine
bases,nascar,streams,trainers
unity,sacred,landing,conclude
bride,chrome,signing,advisors
begun,oliver,namibia,pavilion
socks,delays,prairie,talented
essex,scored,reunion,paraguay
fever,belong,spirits,boutique
